RequestID,Day,Pipeline,SupplyingLogNode,DeliveredAmount,Distance
-146,6,"JLOTS","SEA BASE",250000,20.0129257371493
-173,7,"JLOTS","SEA BASE",241927.035999287,20.0129257371493
-200,8,"JLOTS","SEA BASE",164823.666696539,20.0129257371493
-227,9,"JLOTS","SEA BASE",164512.095152028,20.0129257371493
-257,10,"JLOTS","SEA BASE",164445.842453831,20.0129257371493
-347,13,"JLOTS","SEA BASE",164360.337476873,20.0129257371493
